fortuneSummary,luckyStar,signText,unSignText
大吉+官运,★★★★★★☆,根深蒂固，蒸蒸日上，如意吉祥，百事顺遂,进取富贵又如意，智达明敏扬名威，名利寿福皆此得，前途光茫好鸿图。外缘殊胜，容易得人之助力及予人好印象。
吉带凶,★☆☆☆☆☆☆,一盛一衰，浮沉不常，自重自处，可保平安,人生有盛有衰，十年河西，十年河东。不论在顺利的时候的还是在倒霉的时候，都要做到自重自处，不能因胜利而洋洋自得，也不能因失败而一蹶不振，只要这样，才能平平安安！
大吉,★★★★★★☆,草木逢春，枯叶沾露，稳健着实，必得人望,挽回家运矣春光，顺调发展财辉煌，温和笃实阴阳合，稳健顺调得人望。顺风满帆而容易有所成就，易取富贵人生。外缘殊胜，容易得人之助力及予人好印象。
凶,☆☆☆☆☆☆☆,薄弱无力，孤立无摇，外祥内苦，谋事难成,人生路上诸事不顺，自身能力之限制，经常迫于无耐。由于性格或人际关系上的问题，难遇贵人。经常一人处理所有事情，即使有天大的能力，总会遇到不能解决的问题，而这些问题会导致事业的失败。
吉带凶,★★☆☆☆☆☆,云遮半月，百隐风波，应自谨慎，始保平安,最近运势不好，有对你不利的事情（不好的事情要发生，自己办事情，说话要谨慎小心，才能避过这些。
凶,☆☆☆☆☆☆☆,如走夜路，前途无光，希望不大，劳而无功,一生就像在夜晚里走路一样，想开创新天地，却部是难以大展拳脚，可用好做好现在的事情，等待时机，主动出击容易空手而回，此命需待贵人相助方容易成功。
凶带吉,★★★☆☆☆☆,半凶半吉，浮沉多端，始凶终吉，能保成功,所求之事，是吉凶参半。所要经历的，既有非你所愿、无法承受之痛苦，也有甘之如饴、顺风顺水之运气。无法如预期的稳定，不确定的因素对其本身影响很大。要老老实实接受磨难的考验，之后成功就会不期而遇。
吉带凶,★☆☆☆☆☆☆,吉凶互见，一成一败，凶中有吉，吉中有凶,一生并不顺利，在顺境时，记得要居安思危；在逆境时千万不要气馁，以您的性格，可以做到逆境中发现机会，从危机中发现生机。
大吉+才艺,★★★★★★☆,美化丰实，鹤立鸡群，名利俱全，繁荣富贵,有德且智德望高，堪为顾问得仁和，名利双收天赋富，威望荣达世间豪。
凶,★☆☆☆☆☆☆,成功虽早，慎防空亏，内外不合，障碍重重,事业初得成功，不能过度放松警惕，不要将积累的资本挥霍一空。如果团队里人心不能合到一起，今后做起事来也会遇到很多的阻碍。
大吉+财运+官运,★★★★★★☆,天赋吉运，德望兼备，继续努力，前途无限,德望高大名誉振，才谋健全财源进，富贵荣华福禄至，前途洋洋得意真。
中吉+财运,★★★★☆☆☆,池中之龙，风云际会，一跃上天，成功可望,侥倖所得贵人扶，善捉机会有财富，认真努力向前程，家门隆昌得富荣。与人合伙比之独营好得多，若自己独营商则中途易受挫折。
中吉,★★★★★☆☆,排除万难，有贵人助，把握时机，可得成功,突破万难权威高，刚性固执如英豪，须事谨慎守和平，可得大功奏业成。很勤勉求上进，又很有耐力，在技术界或艺能界，是最可能成功之数也。但此数因少得人和，而略感孤独些。
大吉+财运,★★★★★★☆,谦恭做事，必得人和，大事成就，一定兴隆,福寿拱照德望高，财子寿全又温和，慈祥好善可恭敬，富贵繁荣得惠泽。财源特佳金钱有餘，离出生之地而往大都市求谋必得更发达。外缘殊胜，容易得人之助力及予人好印象。
大吉,★★★★★★☆,思虑周详，计划力行，不失先机，可望成功,兴家立业意志强，智虑周密名望扬，志操坚固信用重，一身才艺建基业。
吉带凶,★★☆☆☆☆☆,得而复失，枉费心机，守成无贪，可保安稳,一生艰难辛苦，如波浪之重叠不绝，终身多受挫折而致病弱，刑罚，孤独夭寿之凶兆，若能及早修行善德，脱离凡俗而隐退者，尚可保小康之清福，则化凶为吉也。
大吉+官运,★★★★★★☆,专心经营，善用智慧，霜雪梅花，春来怒放,明月光照乐依依，俟如梅花待放时，兴家立业名利全，各自独立有权威。男带此数，需要加强节制力，可免受桃花困扰。女则因事业雄心万丈，多晚婚。
吉带凶,★★☆☆☆☆☆,一胜一衰，浮沉不定，知难而退，自获天佑,谨慎保安勿自骄，智谋胆略得显晓，知难而退获天佑，妄进逞强败涂地。
大吉+财运,★★★★★★☆,锦绣前程，须靠自力，多用智谋，能奏大功,家门余庆福无疆，子孙繁荣富贵强，白手成家立大业，财源广进智谋全。营商的话还是独营的好，与人合伙久之厌烦不耐。少年读书需用心，舟至桥头直自然。
凶,★★☆☆☆☆☆,波澜起伏，千变万化，凌驾万难，必可成功,局势不稳定，变化极多，任何困难都难不到你，最终您将一定会成功，且成就不小，关键是您能否在多变的艰难环境下坚持到最后。
中吉,★★★★☆☆☆,安乐自来，自然吉祥，力行不懈，终必成功,志高力微乏实行，妄谋无计事难成，晚年安宁静逸祥，享得天赋增吉相。
大吉,★★★★★★☆,时来运转，事事如意，功成名就，富贵自来,利路享通万事成，和畅逍达四海明，家运隆盛招富贵，万商云集得繁荣。
凶,★☆☆☆☆☆☆,烦闷懊恼，事事难展，自防灾祸，始免困境,受到各种事情的烦扰，不能专心做想做的事情。首要问题是处理好现时的各种烦事，这样可以避免这些小事埋下的祸害，才不导致自已陷入困境。
大吉+财运+才艺,★★★★★★☆,不可意气，善用智慧，如能慎始，必可昌隆,家门隆昌精神爽，博得名利星月朗，权威智谋极周全，君是天下富贵翁。具有此数之人，男则勇敢果断，而女则美貌如仙子，有风流不羁不顾时局大体倾向，若修养不够或抑制力不强，往往因桃色事件惹来麻烦。
吉,★★★★☆☆☆,吉运自来，能享盛名，把握机会，必获成功,人生路上机会众多，只要把握好一次机会，将会改写您的人生。
大吉+官运,★★★★★★☆,富贵荣华实可当，光明荣达好儿郎，家门隆昌福万千，世代子孙个个贤。,因异性而引起之纠纷困扰，失利特多，而且一生常遇逆境之折磨。家庭和顺则万事可成。智能超人贯彻大志，富贵无比，不甘寂寞，叱吒风云之大吉数。切忌牢骚、贪心、欲望太多、永不知足影响前程。
中吉+才艺,★★★★★☆☆,经商做事，顺利昌隆，如能慎始，百事亨通,有志竟成事皆通，智谋发展有威望，过刚遭难咸柔德，博得名利大成功。很勤勉求上进，又很有耐力，在技术界或艺能界，是最可能成功之数也。但此数因少得人和，而略感孤独些。
大吉+财运,★★★★★★☆,草木逢春，雨过天晴，渡过难关，即获成功,先见机明察佳期，意志坚固好运时，功名利达福禄全，一世荣隆乐绵绵。
凶,☆☆☆☆☆☆☆,鱼临旱地，难逃恶运，此数大凶，不如更名,现时处境就如鱼在旱地上一样，面临大的恶运，是大凶之兆，此处的“不如更名”从现代角度来看，并非全指改名，而更多是指要改变现在的做人处事方式，才能摆脱大凶的来临。
中吉+才艺,★★★★☆☆☆,逢凶化吉，吉人天相，风条雨顺，生意兴隆,权威显达得众望，忠实热诚运极旺，大德奏功无难事，终得富荣乐千锺。
吉带凶,★☆☆☆☆☆☆,事业不专，十九不成，专心进取，可望成功,对事业不专注者，很难有所成就，有了进取心，对事业专心致志才有成功的希望！
中吉,★★★★★☆☆,努力发达，贯彻志望，不忘进退，成功可期,意志坚刚善恶明，富进取心求和平，忍耐克己如心意，前难后成可安然。很勤勉求上进，又很有耐力，在技术界或艺能界，是最可能成功之数也。但此数因少得人和，而略感孤独些。
吉带凶,★★★☆☆☆☆,吉凶参半，惟赖勇气，贯彻力行，始可成功,人生之路吉、凶各半，有好有坏；要想改变这种不利局面，唯有依赖你的勇气和不屈服的执行力，一步步向前，人生才会更光明，更成功。
凶,☆☆☆☆☆☆☆,利害混集，凶多吉少，得而复失，难以安顺,有好也有坏，但恶运占多，得到的东西容易失去，导致生活难以安定。此运告诫：少接触投机类活动，否则容易一无所有。
大吉+官运,★★★★★★☆,旭日升天，名显四方，渐次进展，终成大业,旭日东昇势壮富，贯彻大业万事胜，终至荣达功名显，猛虎添翼势声强。具有此数之人，男多勇敢果断，女多貌若天仙，有风流不羁不顾时局大体倾向，若修养不够或抑制力不强，往往因桃色事件惹来麻烦。
吉带凶,★★☆☆☆☆☆,先苦后甘，先甘后苦，如能守成，不致失败,不能一生都有好运，但也不全是恶运，好坏总会各占一半，当好运来时，记得积谷防饥。
吉带凶,★★☆☆☆☆☆,有得有失，华而不实，须防劫财，始保平安,金钱上有损失，切忌花枝招展，外表的华丽可能为您带来小人的攻击。
凶,☆☆☆☆☆☆☆,此数大凶，破产之象，宜速改变，以避厄运,不祥之兆，财产有可能一夜尽失，应尽快改变现在的处事和投资方式，避免厄运。
凶带吉,★★★☆☆☆☆,名虽可得，利则难获，艺界发展，可望成功,可能有名气，却未能用这名气带来财运，可考虑从事娱乐或艺术来业，把名气转化成事业中一部分。
凶,☆☆☆☆☆☆☆,动摇不安，常陷逆境，不得时运，难得利润,坚持是您现时最缺乏的品质，由于没有坚定的目标，会使您陷入相当困苦的境地。而当获得成功时，却发现时不与我，外部环境已使得竞争激烈导致利润下降。
凶,☆☆☆☆☆☆☆,灾难不绝，难望成功，此数大凶，不如更名,人生路上遇到相当多困难，特别在追求事业的路上，什么事情很难成功。此处的“不如更名”从现代角度来看，并非全指改名，而更多是指要改变现在的做人处事方式，方能扭转现在的运数。
凶,★☆☆☆☆☆☆,惨淡经营，难免贫困，此数不吉，最好改名,事业不济，入不敷出，坚持一个不好的行业，不会带来事业的腾飞，最好适时转行。
吉带凶,☆☆☆☆☆☆☆,吉中带凶，欲速不达，进不如守，可保安祥,在好运中含藏凶兆，不能操之过急，不可冒然急进，前进得太快，容易出现危险，还不如坚守现在的阵地。
凶,★★☆☆☆☆☆,遇吉则吉，遇凶则凶，惟靠谨慎，逢凶化吉,遇到好的的人或事自然就会有好的事情发生或是有好的事降临，相反的遇到坏人坏事就会有糟糕的事情发生讨厌的人来了，想要不被厄运控制，打破坏人坏事的困扰，就只有小心谨慎，有了这种心思方可逢凶化吉，就是遇到坏的也可以变成好的。
凶带吉,★★☆☆☆☆☆,一成一败，一盛一衰，惟靠谨慎，可守成功,成 败， 盛 衰这都是相对的，有成功就会有失败，有强盛就会有衰落这都只是时间问题，只有坚定的信念对能获得一定的成功但并不能够永久。
大吉+官运+财运+才艺,★★★★★★★,如龙得云，青云直上，智谋奋进，才略奏功,欲望难足希望高，计谋成功财力豪，猜疑嫉妒性自改，如龙乘云势运开。智能超人贯彻大志，富贵无比，不甘寂寞，叱吒风云之大吉数，但容易发生牢骚及贪心、欲望太多而永不知足，为其缺点。切忌沉迷投机，可免贻误前程。
中吉,★★★★☆☆☆,中吉之数，进退保守，生意安稳，成就可期,温和平安艺才高，努力前途福运来，文笔奇绝仁德高，务实稳健掌门人。
凶,★☆☆☆☆☆☆,黑夜漫长，进退维谷，内外不合，信用缺乏,成功之路相当漫长，经验遇到二难选择，在处理问题上，请注意个人信用，否则容易导致内部矛盾和外部人员的质疑。
凶,☆☆☆☆☆☆☆,坎坷前途，苦难折磨，非有毅力，难望成功,为人独断独行，事事自行作主解决，鲜有求助他人。而这份独立个性，正正就是吸引异性的特质。但其实心底里，却是渴望有人可让他/她依赖。
凶,☆☆☆☆☆☆☆,见异思迁，十九不成，徒劳无功，不如更名,见异思迁，使自已做的事情无一成功，开始全情投入，到后面却不能坚持，事情总是在这种情况下失败。要改变心态和做事方式，看准方向就坚持到底，方可成功。
中吉,★★★★★☆☆,专心经营，和气致祥，排除万难，必获成功,刚毅果断除万难，独立权威志气安，内外和好兼柔性，温和养德耀吉星。很勤勉求上进，又很有耐力，在技术界或艺能界，是最可能成功之数也。但此数因少得人和，而略感孤独些。
凶,☆☆☆☆☆☆☆,波澜重迭，常陷穷困，动不如静，有才无命,越是对命运的抗争，越是使自已陷入困境，常常想靠自已改变命运，却一次次使自已的生活走入穷困，还不如听天由命，安于本份。
凶,★☆☆☆☆☆☆,坎坷不平，艰难重重，若无耐心，难望有成,人生过程中，您会遇到非常多的困难，有一坡未平一坡又起之势，在面对这些坎坷时，只要有耐心和毅力，最终都会获得成功的，否则容易一事无成。
吉带凶,★★☆☆☆☆☆,雨夜之花，外祥内苦，忍耐自重，转凶为吉,下雨对于花来说，是件好事，但是雨夜，像征着孤独、恐惧、所以，看似吉祥的一片，实是内心承受着煎熬。如果坚强的忍耐过雨夜的敲打，熬过寂寞与恐惧，待明晨又是个艳阳天。
凶,★☆☆☆☆☆☆,黑暗无光，心迷意乱，出尔反尔，难定方针,黑暗无光之凶运数。不仅事事不能如意，加以心迷意乱，难决定方针，出尔反尔，徒蒙损失，虽获成就。如能就初衷贯彻，或有小康之望。
大吉,★★★★★☆☆,万物化育，繁荣之象，专心一意，始能成功,富贵荣达得显甯，子孙繁茂福绵绵，一身平安富益寿，福禄双全享千锺。
吉带凶,★★☆☆☆☆☆,外观隆昌，内隐祸患，克服难关，开出泰运,外人看来很风光，而自已内部隐藏的危机，只要解决内部的危机，人生将会过得风风火火。
凶,★☆☆☆☆☆☆,吉凶参半，得失相伴，投机取巧，如赛一样,没有做太多对他人有价值的事情，导到一生来所做的事有如博彩，投机取巧，来得快也去得快，没有多少剩余，命运也在输赢之间转变。
凶,☆☆☆☆☆☆☆,乌云遮月，暗淡无光，空费心力，徒劳无功,有特强的第六灵感，性格率直无机心，深得朋辈爱戴。感情路上多采多姿。做事喜好凭个人直觉及预感做决定。
中吉+官运,★★★★★☆☆,杨柳遇春，绿叶发枝，冲破难关，一举成名,新生泰运顺行舟，排除万难总无忧，成功繁荣四海明，荣华富贵好前程。
凶,★☆☆☆☆☆☆,虽用心计，事难遂愿，贪功好进，必招失败,无论在社会中有什么地位都会被认定为最低层的人。你深深体会到社会的不公平一面，为了替贫民谋幸福，你会想尽办法改善社会的状况，尤其是如何改善最低下层平民的生活。
凶,☆☆☆☆☆☆☆,虽抱奇才，有才无命，独营无力，财利无望,你虽然很有才，但是却没这个命（时运；事业上自己单干，是不会有什么好发展的，财利难望意思是说发财致富这个愿望是很难实现的。
大吉,★★★★★★☆,大展鸿图，信用得固，无远弗界，可获成功,地开泰万事成，身体康安亦富荣，否泰名誉兼享福，一生无忧乐绵长。顺风满帆而容易有所成就，易取富贵人生。
凶,★★☆☆☆☆☆,根基不固，摇摇欲坠，一盛一衰，劳而无功,与人合伙比之独营好得多，若自己独营商则中途易受挫折。
凶,★☆☆☆☆☆☆,事与愿违，终难成功，欲速不达，有始有终,做事不能三分钟热度，要有始有终。急于求成，将会事与愿违，大事难成。
凶,★☆☆☆☆☆☆,忍得苦难，必有后福，是成是败，惟靠坚毅,只要有坚毅的决心，肯下功夫肯吃苦，多么难的事也能做成功。成功了，福也是必然相随。
凶,★☆☆☆☆☆☆,利不及费，坐食山空，如无智谋，难望成功,入不敷出，即使有很好的基础，如果没有智谋或用人不善，难以发扬光大，最终可能败掉一切。
凶,★★☆☆☆☆☆,遇事犹疑，难望成事，大刀阔斧，始可有成,做事犹豫、不果断，很难做成功；变得果断勇敢了，才有希望。
大吉+官运,★★★★★★☆,此数大吉，名利双收，渐进向上，大业成就,智勇得志意气新，建立声誉事业兴，终到富贵福禄奏，为人领导德望高。顺风满帆而容易有所成就，易取富贵人生。
中吉,★★★★★☆☆,万宝云集，天降幸运，立志奋发，可成大功,安稳余庆福禄开，盛大幸福天赐来，内含衰兆应谨慎，注意品行福乐享。名誉良好，信用亦佳，步步高升。
大吉+官运+财运,★★★★★★☆,能获众望，成就大业，名利双收，盟主四方,贵人得助天乙扶，为人之上有财富，众望所归事业成，不可贪色保安宁。名誉良好，信用亦佳，步步高升。外缘殊胜，容易得人之助力及予人好印象。
中吉,★★★★☆☆☆,努力经营，时来运转，旷野枯草，春来花开,寒雪青松性刚强，一度祸难过灾殃，将此发达利亨通，晚景繁荣福无疆。
大吉+官运+才艺,★★★★★★☆,天赋吉运，能得人望，善用智慧，必获成功,智略超群博学多，善处事务亦忍和，功业成就得富荣，艺才相身乐千锺。外缘殊胜，容易得人之助力及予人好印象。具有此数之人，男多勇敢果断，女多貌若天仙，有风流不羁不顾时局大体倾向，若修养不够或抑制力不强，往往因桃色事件惹来麻烦。
大吉,★★★★★☆☆,有贵人助，可成大业，虽遇不幸，浮沉不大,开花结子衣食足，大业奏功可庆祝，子孙繁荣多快乐，一家圆满庆有馀。
吉带凶,★☆☆☆☆☆☆,盛衰参半，外祥内苦，先吉后凶，先凶后吉,一生好运与恶运都会让您遇上，当外表风光时，可能您的内心正受到非常大的困苦。前半生可能过得很苦，但后半生会出现转运，生活变得很美好；也有可能是前半生过得很风光，而后半生却很潦倒。
大吉,★★★★★★☆,阴阳和合，生意欣荣，名利双收，后福重重,福禄寿长阴阳和，心身健全是英豪，名利双收富荣达，乃是世上福德人。财源特佳金钱有餘，离出生之地而往大都市求谋必得更发达。
凶,☆☆☆☆☆☆☆,虽倾全力，难望成功，此数大凶，最好改名,即使全力以赴，却没有取得成功。导致失败的原因是现时的待人处事方式有问题，要改变这个现状，要自我反省，改变一些令人厌恶的恶习，方可取得成功。
凶,★☆☆☆☆☆☆,秋草逢霜，怀才不遇，忧愁怨苦，事不如意,秋天的枯草已经赶上了冰冷的寒霜，而我胸怀才学但生不逢时，难以施展，人生尽是这些忧愁、埋怨、苦衷，人生之事都不如意。
中吉,★★★★★☆☆,天时地利，再得人格，讲信修睦，即可成功,资性英敏有奇能，怪癖不和害前程，修身涵养与仁和，奏功获得大鸿图。需要注重个人私生活，可免因桃色韵事贻误前程。
凶,★☆☆☆☆☆☆,智高志大，历尽艰难，焦心忧劳，进退两难,即使有宏图大志并且能力超人，但全靠白手起家，需要突破社会重重规则，劳劳碌碌，最后可能处于进退两难的选择当中，不过，由于个人毅力与才气，只要坚持，最后终必成功。
